{"precision": [0.9962264150943396, 0.7849315068493151], "recall": [0.45674740484429066, 0.999128160418483], "f1": [0.6263345195729537, 0.8791714614499425], "count": [578, 1147], "total": 1725, "precision_macro": 0.8905789609718273, "recall_macro": 0.7279377826313869, "f1_macro": 0.7527529905114481, "accuracy": 0.8173913043478261}